team,attack_index,elo_adj,active_scorers,star,star_goals,star_reliance,top_scorers
Mexico,0.29,-22.0,14,Raúl Jiménez,6,0.22,"Raúl Jiménez (6), César Montes (3), Edson Álvarez (3), Henry Martín (4), Luis Chávez (3)"
South Africa,0.4,-16.6,14,Lyle Foster,4,0.17,"Lyle Foster (4), Oswin Appollis (4), Evidence Makgopa (3), Themba Zwane (3), Teboho Mokoena (2)"
South Korea,0.734,-0.5,19,Son Heung-min,14,0.23,"Son Heung-min (14), Lee Kang-in (8), Oh Hyeon-gyu (5), Hwang Hee-chan (6), Lee Jae-sung (5)"
Czech Republic,0.867,6.0,18,Patrik Schick,7,0.15,"Patrik Schick (7), Tomáš Souček (7), Pavel Šulc (5), Ladislav Krejčí (5), Václav Černý (5)"
Canada,0.408,-16.3,18,Jonathan David,6,0.19,"Jonathan David (6), Tajon Buchanan (4), Cyle Larin (4), Jacob Shaffelburg (3), Nathan Saliba (2)"
Bosnia and Herzegovina,0.714,-1.4,20,Edin Džeko,12,0.32,"Edin Džeko (12), Ermedin Demirović (4), Haris Tabaković (3), Rade Krunić (2), Samed Baždar (1)"
Qatar,0.659,-4.1,18,Almoez Ali,14,0.25,"Almoez Ali (14), Akram Afif (12), Hassan Al-Haydos (4), Ahmed Al-Rawi (3), Lucas Mendes (2)"
Switzerland,0.825,4.0,19,Breel Embolo,11,0.19,"Breel Embolo (11), Zeki Amdouni (9), Remo Freuler (6), Ruben Vargas (5), Granit Xhaka (4)"
Brazil,0.656,-4.2,20,Vinícius Júnior,7,0.16,"Vinícius Júnior (7), Raphinha (7), Richarlison (6), Lucas Paquetá (4), Neymar (5)"
Morocco,0.577,-8.1,19,Ayoub El Kaabi,7,0.15,"Ayoub El Kaabi (7), Brahim Díaz (6), Ismael Saibari (5), Youssef En-Nesyri (6), Azzedine Ounahi (5)"
Haiti,0.585,-7.7,10,Duckens Nazon,7,0.27,"Duckens Nazon (7), Frantzdy Pierrot (5), Don Deedson Louicius (3), Danley Jean Jacques (3), Ruben Providence (2)"
Scotland,0.738,-0.3,18,Scott McTominay,13,0.27,"Scott McTominay (13), John McGinn (8), Ryan Christie (4), Lyndon Dykes (4), Che Adams (3)"
United States,0.462,-13.6,21,Jesús Ferreira,8,0.14,"Jesús Ferreira (8), Folarin Balogun (4), Christian Pulisic (6), Diego Luna (3), Malik Tillman (3)"
Paraguay,0.367,-18.3,10,Julio Enciso,4,0.22,"Julio Enciso (4), Antonio Sanabria (4), Omar Alderete (3), Matías Galarza (2), Miguel Almirón (2)"
Australia,0.818,3.6,24,Jackson Irvine,6,0.12,"Jackson Irvine (6), Craig Goodwin (7), Kusini Yengi (6), Martin Boyle (4), Nishan Velupillay (3)"
Turkey,1.062,15.4,29,Kerem Aktürkoğlu,11,0.17,"Kerem Aktürkoğlu (11), Hakan Çalhanoğlu (6), Arda Güler (5), Merih Demiral (5), Kenan Yıldız (4)"
Germany,1.016,13.2,23,Florian Wirtz,7,0.11,"Florian Wirtz (7), Kai Havertz (8), Jamal Musiala (6), Joshua Kimmich (6), Nick Woltemade (4)"
Curaçao,0.713,-1.5,16,Gervane Kastaneer,5,0.17,"Gervane Kastaneer (5), Kenji Gorré (3), Juninho Bacuna (3), Rangelo Janga (3), Jordi Paulina (2)"
Ivory Coast,0.688,-2.7,19,Franck Kessié,5,0.11,"Franck Kessié (5), Amad Diallo (4), Sébastien Haller (5), Yan Diomande (3), Evann Guessand (3)"
Ecuador,0.338,-19.6,11,Enner Valencia,10,0.41,"Enner Valencia (10), Félix Torres (3), Alan Minda (2), Gonzalo Plata (2), Kevin Rodríguez (2)"
Netherlands,1.377,28.0,26,Cody Gakpo,18,0.18,"Cody Gakpo (18), Memphis Depay (15), Donyell Malen (7), Denzel Dumfries (8), Wout Weghorst (9)"
Japan,0.932,9.1,22,Ayase Ueda,12,0.16,"Ayase Ueda (12), Takumi Minamino (7), Koki Ogawa (6), Daichi Kamada (5), Takefusa Kubo (5)"
Sweden,0.779,1.7,15,Viktor Gyökeres,17,0.37,"Viktor Gyökeres (17), Alexander Isak (5), Anthony Elanga (4), Dejan Kulusevski (4), Emil Forsberg (5)"
Tunisia,0.481,-12.7,18,Mohamed Ali Ben Romdhane,4,0.13,"Mohamed Ali Ben Romdhane (4), Elias Achouri (3), Elias Saad (3), Ali Abdi (2), Firas Chaouat (2)"
Belgium,1.16,20.2,22,Romelu Lukaku,18,0.21,"Romelu Lukaku (18), Kevin De Bruyne (11), Youri Tielemans (6), Jérémy Doku (5), Leandro Trossard (6)"
Egypt,0.526,-10.5,11,Mohamed Salah,16,0.4,"Mohamed Salah (16), Trézéguet (7), Mostafa Mohamed (5), Omar Marmoush (4), Ahmed Sayed (2)"
Iran,0.796,2.6,14,Mehdi Taremi,17,0.31,"Mehdi Taremi (17), Sardar Azmoun (11), Mohammad Mohebi (6), Mehdi Ghayedi (5), Alireza Jahanbakhsh (3)"
New Zealand,0.993,12.1,24,Chris Wood,14,0.23,"Chris Wood (14), Ben Waine (7), Elijah Just (6), Kosta Barbarouses (5), Tyler Bindon (2)"
Spain,1.412,28.0,28,Mikel Oyarzabal,12,0.15,"Mikel Oyarzabal (12), Mikel Merino (10), Ferran Torres (9), Álvaro Morata (11), Dani Olmo (7)"
Cape Verde,0.433,-15.0,16,Dailon Livramento,4,0.18,"Dailon Livramento (4), Jamiro Monteiro (3), Ryan Mendes (3), Willy Semedo (2), Diney (2)"
Saudi Arabia,0.358,-18.7,13,Firas Al-Buraikan,7,0.22,"Firas Al-Buraikan (7), Saleh Al-Shehri (7), Salem Al-Dawsari (5), Musab Al-Juwayr (3), Abdulrahman Al-Aboud (2)"
Uruguay,0.547,-9.5,16,Darwin Núñez,7,0.16,"Darwin Núñez (7), Giorgian de Arrascaeta (6), Rodrigo Aguirre (3), Federico Valverde (4), Luis Suárez (4)"
France,1.055,15.1,26,Kylian Mbappé,27,0.3,"Kylian Mbappé (27), Randal Kolo Muani (7), Adrien Rabiot (6), Olivier Giroud (8), Michael Olise (4)"
Senegal,0.692,-2.5,18,Sadio Mané,11,0.19,"Sadio Mané (11), Ismaïla Sarr (6), Habib Diallo (5), Nicolas Jackson (4), Pape Gueye (4)"
Iraq,0.596,-7.2,17,Aymen Hussein,17,0.38,"Aymen Hussein (17), Mohanad Ali (4), Ali Al-Hamadi (3), Zidane Iqbal (2), Amir Al-Ammari (2)"
Norway,1.331,28.0,15,Erling Haaland,35,0.48,"Erling Haaland (35), Alexander Sørloth (11), Thelo Aasgaard (5), Antonio Nusa (5), Felix Horn Myhre (2)"
Argentina,0.794,2.4,14,Lionel Messi,17,0.24,"Lionel Messi (17), Lautaro Martínez (12), Julián Álvarez (11), Thiago Almada (3), Alexis Mac Allister (3)"
Algeria,0.504,-11.6,17,Mohamed Amoura,8,0.25,"Mohamed Amoura (8), Baghdad Bounedjah (6), Riyad Mahrez (4), Mohamed El Amine Amoura (2), Ibrahim Maza (2)"
Austria,1.101,17.3,14,Marko Arnautović,14,0.23,"Marko Arnautović (14), Michael Gregoritsch (12), Marcel Sabitzer (12), Christoph Baumgartner (8), Konrad Laimer (5)"
Jordan,0.577,-8.1,11,Yazan Al-Naimat,12,0.27,"Yazan Al-Naimat (12), Musa Al-Taamari (10), Ali Olwan (9), Yazan Al-Arab (2), Mahmoud Al-Mardi (2)"
Portugal,1.374,28.0,24,Cristiano Ronaldo,26,0.26,"Cristiano Ronaldo (26), Bruno Fernandes (17), Gonçalo Ramos (8), João Félix (7), João Cancelo (7)"
DR Congo,0.529,-10.4,13,Cédric Bakambu,5,0.18,"Cédric Bakambu (5), Yoane Wissa (6), Théo Bongonda (4), Meschak Elia (3), Gaël Kakuta (2)"
Uzbekistan,0.527,-10.5,13,Abbosbek Fayzullaev,6,0.18,"Abbosbek Fayzullaev (6), Eldor Shomurodov (5), Oston Urunov (4), Azizbek Turgunboev (3), Igor Sergeev (3)"
Colombia,0.69,-2.6,17,Luis Díaz,10,0.22,"Luis Díaz (10), Luis Suárez (4), James Rodríguez (5), Jhon Córdoba (4), Juan Fernando Quintero (2)"
England,1.064,15.5,28,Harry Kane,26,0.34,"Harry Kane (26), Bukayo Saka (9), Marcus Rashford (6), Declan Rice (4), Eberechi Eze (3)"
Croatia,0.974,11.2,24,Andrej Kramarić,16,0.23,"Andrej Kramarić (16), Ivan Perišić (6), Luka Modrić (6), Ante Budimir (4), Mario Pašalić (5)"
Ghana,0.566,-8.6,13,Jordan Ayew,9,0.26,"Jordan Ayew (9), Mohammed Kudus (6), Thomas Partey (4), Alexander Djiku (4), Mohammed Salisu (3)"
Panama,0.601,-6.9,20,Ismael Díaz,12,0.24,"Ismael Díaz (12), José Fajardo (7), Tomás Rodríguez (3), Eduardo Guerrero (3), José Luis Rodríguez (3)"
